{
  "mean": [
    1866.64208984375,
    1719.4755859375,
    1644.441650390625,
    1731.318115234375,
    1870.551025390625,
    2175.755126953125,
    2310.23046875,
    2249.742919921875,
    2401.54638671875,
    1110.3243408203125,
    84.45115661621094,
    1759.152587890625,
    1303.8994140625,
    2687.22607421875
  ],
  "std": [
    1701.166259765625,
    1752.746826171875,
    1653.1920166015625,
    1761.6641845703125,
    1708.8416748046875,
    1616.957275390625,
    1558.2861328125,
    1477.8878173828125,
    1500.5968017578125,
    700.2631225585938,
    222.96774291992188,
    1084.692626953125,
    864.4954223632812,
    1669.451171875
  ],
  "kernel_size": 5,
  "hidden1": 32,
  "hidden2": 64
}