{
  "mean": [
    1903.4698486328125,
    1755.1461181640625,
    1673.791259765625,
    1758.5684814453125,
    1895.09423828125,
    2191.38427734375,
    2320.51318359375,
    2257.88330078125,
    2406.474365234375,
    1114.049560546875,
    81.48003387451172,
    1736.2315673828125,
    1285.8602294921875,
    2697.56103515625
  ],
  "std": [
    1744.675048828125,
    1797.5609130859375,
    1693.5303955078125,
    1801.0076904296875,
    1745.44970703125,
    1647.4200439453125,
    1583.7325439453125,
    1499.995361328125,
    1518.6380615234375,
    706.3872680664062,
    215.6613311767578,
    1084.1019287109375,
    857.8143310546875,
    1641.193603515625
  ],
  "num_outputs": 9,
  "kernel_size": 5,
  "hidden1": 32,
  "hidden2": 64
}